City,Temperature,Condition
Accra,बुध 19.45,
Addis Ababa,बुध 22.45,
Adelaide,गुरु 05.15,
Algiers,बुध 20.45,
Almaty,गुरु 00.45,
Amman,बुध 22.45,
Amsterdam *,बुध 21.45,
Anadyr,गुरु 07.45,
Anchorage *,बुध 11.45,
Ankara,बुध 22.45,
Antananarivo,बुध 22.45,
Asuncion,बुध 16.45,
Athens *,बुध 22.45,
Atlanta *,बुध 15.45,
Auckland,गुरु 07.45,
Baghdad,बुध 22.45,
Bangkok,गुरु 02.45,
Barcelona *,बुध 21.45,
Beijing,गुरु 03.45,
Beirut *,बुध 22.45,
Belgrade *,बुध 21.45,
Bengaluru,गुरु 01.15,
Berlin *,बुध 21.45,
Bogota,बुध 14.45,
Boston *,बुध 15.45,
Brasilia,बुध 16.45,
Brisbane,गुरु 05.45,
Brussels *,बुध 21.45,
Bucharest *,बुध 22.45,
Budapest *,बुध 21.45,
Buenos Aires,बुध 16.45,
Cairo *,बुध 22.45,
Calgary *,बुध 13.45,
Canberra,गुरु 05.45,
Cape Town,बुध 21.45,
Caracas,बुध 15.45,
Casablanca *,बुध 20.45,
Chicago *,बुध 14.45,
Copenhagen *,बुध 21.45,
Dallas *,बुध 14.45,
Dar es Salaam,बुध 22.45,
Darwin,गुरु 05.15,
Denver *,बुध 13.45,
Detroit *,बुध 15.45,
Dhaka,गुरु 01.45,
Doha,बुध 22.45,
Dubai,बुध 23.45,
Dublin *,बुध 20.45,
Edmonton *,बुध 13.45,
Frankfurt *,बुध 21.45,
Guatemala City,बुध 13.45,
Halifax *,बुध 16.45,
Hanoi,गुरु 02.45,
Harare,बुध 21.45,
Havana *,बुध 15.45,
Helsinki *,बुध 22.45,
Hong Kong,गुरु 03.45,
Honolulu,बुध 09.45,
Houston *,बुध 14.45,
Indianapolis *,बुध 15.45,
Islamabad,गुरु 00.45,
Istanbul,बुध 22.45,
Jakarta,गुरु 02.45,
Jerusalem *,बुध 22.45,
Johannesburg,बुध 21.45,
Karachi,गुरु 00.45,
Kathmandu,गुरु 01.30,
Kingston,बुध 14.45,
Kinshasa,बुध 20.45,
Kiritimati,गुरु 09.45,
Kolkata,गुरु 01.15,
